x0,y0,z0,x1,y1,z1,x2,y2,z2,x3,y3,z3,x4,y4,z4,x5,y5,z5,x6,y6,z6,x7,y7,z7,x8,y8,z8,x9,y9,z9,x10,y10,z10,x11,y11,z11,x12,y12,z12,x13,y13,z13,x14,y14,z14,x15,y15,z15,x16,y16,z16,x17,y17,z17,x18,y18,z18,x19,y19,z19,x20,y20,z20,label
0.5044621825218201,1.0414693355560303,3.854673309433565e-07,0.5755877494812012,0.9838294982910156,-0.042616941034793854,0.6158442497253418,0.8829414248466492,-0.06364850699901581,0.6243436336517334,0.7878224849700928,-0.07995502650737762,0.637063205242157,0.7095110416412354,-0.09594012796878815,0.5285860300064087,0.7552586793899536,-0.04221128672361374,0.5066105723381042,0.6461025476455688,-0.07102330774068832,0.49054592847824097,0.5786433219909668,-0.09426232427358627,0.4776342511177063,0.5219375491142273,-0.11080051958560944,0.47496581077575684,0.7615739107131958,-0.039231784641742706,0.4412994384765625,0.6397281289100647,-0.06624411046504974,0.41924500465393066,0.5582749843597412,-0.08931684494018555,0.4005098342895508,0.49039509892463684,-0.10522587597370148,0.43122535943984985,0.7904349565505981,-0.040544334799051285,0.39409971237182617,0.6765579581260681,-0.0686391294002533,0.3711676597595215,0.6020416617393494,-0.08947066962718964,0.35346460342407227,0.5401145815849304,-0.10200231522321701,0.3945537507534027,0.8378304243087769,-0.04497512802481651,0.35244348645210266,0.7530345320701599,-0.0728258416056633,0.3267170786857605,0.6952334046363831,-0.0883355438709259,0.30613821744918823,0.6445044279098511,-0.09652693569660187,space
0.54018634557724,0.7411959171295166,4.883858082393999e-07,0.5991965532302856,0.606773316860199,-0.008108065463602543,0.6013917922973633,0.5010092258453369,-0.025166714563965797,0.5935782790184021,0.415111780166626,-0.05146217346191406,0.5822764039039612,0.32376447319984436,-0.0832025483250618,0.48772910237312317,0.42247363924980164,-0.006764748599380255,0.44054916501045227,0.3208519220352173,-0.033167339861392975,0.410725474357605,0.25830891728401184,-0.05915505066514015,0.38312289118766785,0.20774045586585999,-0.08228737860918045,0.44958674907684326,0.4586145877838135,-0.040374625474214554,0.37968316674232483,0.34130847454071045,-0.06652189046144485,0.3358466923236847,0.2663264274597168,-0.09937112778425217,0.2975045144557953,0.20585346221923828,-0.12835575640201569,0.42362508177757263,0.5104990601539612,-0.07885122299194336,0.35909393429756165,0.4112505316734314,-0.11048820614814758,0.31971943378448486,0.34062373638153076,-0.14292985200881958,0.28669655323028564,0.282741904258728,-0.1704622507095337,0.4083055257797241,0.5722298622131348,-0.11906996369361877,0.3519444465637207,0.5036274194717407,-0.15387289226055145,0.31856632232666016,0.45315873622894287,-0.17746643722057343,0.2909117341041565,0.40685731172561646,-0.19838009774684906,space
0.5654691457748413,0.87044757604599,1.943671747994813e-07,0.6271839737892151,0.7902337908744812,-0.03612058237195015,0.6577118039131165,0.6679016351699829,-0.045305170118808746,0.6556922793388367,0.5567042231559753,-0.053083114326000214,0.6589104533195496,0.46821337938308716,-0.06015508994460106,0.5827504396438599,0.5415198802947998,-0.0098269023001194,0.5645589828491211,0.42642736434936523,-0.033349279314279556,0.5531480312347412,0.35835471749305725,-0.05524604767560959,0.5447364449501038,0.3021293878555298,-0.07092875987291336,0.5327664017677307,0.5471534729003906,-0.010531298816204071,0.4995200037956238,0.4179456830024719,-0.03134123980998993,0.48056042194366455,0.3352475166320801,-0.052493877708911896,0.46760374307632446,0.26844140887260437,-0.06725834310054779,0.4917338490486145,0.5763332843780518,-0.017864303663372993,0.45631781220436096,0.45576536655426025,-0.04270074889063835,0.4368860721588135,0.3803527355194092,-0.0607474185526371,0.42740243673324585,0.31255292892456055,-0.0718453899025917,0.4560296833515167,0.6299198269844055,-0.029260721057653427,0.41722238063812256,0.5449617505073547,-0.05634107068181038,0.3933578133583069,0.48741185665130615,-0.0699656531214714,0.37687045335769653,0.43079501390457153,-0.07710340619087219,space
0.6176145076751709,0.9431025981903076,3.4830659956242016e-07,0.6660470962524414,0.9000620245933533,-0.03742941841483116,0.6975489258766174,0.8092564940452576,-0.05021069571375847,0.704358696937561,0.7295076847076416,-0.05871061235666275,0.700559139251709,0.6597337126731873,-0.06821545213460922,0.6302614808082581,0.752848744392395,-0.030969493091106415,0.6285637617111206,0.6873214244842529,-0.057320524007081985,0.629761278629303,0.644813060760498,-0.07850810140371323,0.6327880024909973,0.6136060953140259,-0.09253685921430588,0.59071946144104,0.7565418481826782,-0.025860069319605827,0.5848299860954285,0.6868993639945984,-0.051533713936805725,0.5892114043235779,0.6482600569725037,-0.07289627939462662,0.5988432168960571,0.6226360201835632,-0.08797630667686462,0.5544731020927429,0.7728446125984192,-0.02565108984708786,0.5451958179473877,0.7020469903945923,-0.0533020906150341,0.5508126020431519,0.6637333035469055,-0.06997470557689667,0.5618276000022888,0.642403244972229,-0.07963307946920395,0.5210050940513611,0.8007878661155701,-0.02833462506532669,0.5056949853897095,0.738348126411438,-0.054435744881629944,0.5072370171546936,0.7005681991577148,-0.06770819425582886,0.5149921178817749,0.6797609925270081,-0.07527398318052292,space
0.6556602716445923,0.8268480896949768,-5.058293481852161e-07,0.7291582822799683,0.779100775718689,-0.027716590091586113,0.7844478487968445,0.6801557540893555,-0.03350697457790375,0.7994570732116699,0.5825659036636353,-0.038263823837041855,0.7942491173744202,0.5095208287239075,-0.035353172570466995,0.7335361242294312,0.5810040235519409,-0.0023010876029729843,0.7419198751449585,0.5029995441436768,-0.03308956325054169,0.7447398900985718,0.5922591090202332,-0.04374698922038078,0.7368945479393005,0.6269575953483582,-0.044944871217012405,0.6878920197486877,0.578680157661438,-9.665341349318624e-05,0.6942415833473206,0.5086010098457336,-0.030561918392777443,0.7009058594703674,0.6116896271705627,-0.03228190913796425,0.690958559513092,0.6284042596817017,-0.02517234906554222,0.6438554525375366,0.5881812572479248,-0.004686784464865923,0.6489686965942383,0.5189893245697021,-0.03744218870997429,0.659658670425415,0.6122574806213379,-0.019299736246466637,0.6525865793228149,0.6309732794761658,0.001963097369298339,0.5950274467468262,0.6044424176216125,-0.011682992801070213,0.6026216745376587,0.5465345978736877,-0.02831677347421646,0.6175508499145508,0.605527937412262,-0.009987332858145237,0.6146174669265747,0.6287603974342346,0.009601701982319355,space
0.6125199198722839,0.8446297645568848,-5.028223881708982e-07,0.6852926015853882,0.7999947667121887,-0.028734887018799782,0.7437303066253662,0.6938672661781311,-0.033102016896009445,0.755134105682373,0.5891783833503723,-0.03461835905909538,0.7414180636405945,0.519515872001648,-0.027683503925800323,0.6950236558914185,0.5971428155899048,-0.004840507637709379,0.7021230459213257,0.5272222757339478,-0.03177439048886299,0.7007046937942505,0.6195395588874817,-0.03972849249839783,0.6934348344802856,0.6401915550231934,-0.041402965784072876,0.6481613516807556,0.5967602729797363,-0.0008559006382711232,0.6537907719612122,0.5333070158958435,-0.030354902148246765,0.6596715450286865,0.6399922966957092,-0.030701596289873123,0.6514991521835327,0.6468855142593384,-0.02356591634452343,0.6027393341064453,0.6067895293235779,-0.0031024115160107613,0.6063165664672852,0.5475333333015442,-0.03613167628645897,0.6173549294471741,0.6439276933670044,-0.018500613048672676,0.6118163466453552,0.6543170213699341,0.0015239135827869177,0.5529565811157227,0.6198633313179016,-0.007440413814038038,0.5617998838424683,0.5757499933242798,-0.024590175598859787,0.5760402679443359,0.6381963491439819,-0.007705525495111942,0.5731221437454224,0.6536269783973694,0.010106370784342289,space
0.5954774022102356,0.8428338766098022,-5.032972580920614e-07,0.6701167821884155,0.8000805377960205,-0.031464435160160065,0.7287166714668274,0.6931625604629517,-0.03661341592669487,0.7381730079650879,0.5868377089500427,-0.03890420123934746,0.7239444255828857,0.5162813663482666,-0.032732222229242325,0.6807025671005249,0.5956417322158813,-0.003443383378908038,0.6874999403953552,0.5238176584243774,-0.03297015279531479,0.6851279139518738,0.6171636581420898,-0.042551830410957336,0.6783735752105713,0.6404773592948914,-0.04466056823730469,0.6345033645629883,0.5935805439949036,0.0016328218625858426,0.6403302550315857,0.5294612050056458,-0.03154100105166435,0.6452134251594543,0.6374852657318115,-0.03372448682785034,0.6383466124534607,0.6467565894126892,-0.02663761004805565,0.5891860723495483,0.6022756099700928,-0.0001188415553770028,0.5924071073532104,0.5449696779251099,-0.036946073174476624,0.6021708846092224,0.6432901620864868,-0.020150190219283104,0.5978318452835083,0.6550785899162292,0.0008270960533991456,0.5388101935386658,0.6145031452178955,-0.0041633849032223225,0.5469725728034973,0.5722934007644653,-0.0235506072640419,0.5604709982872009,0.6359819769859314,-0.007472444791346788,0.5582121014595032,0.652003288269043,0.010527603328227997,space
0.5453484058380127,0.8339124917984009,-4.686622219196579e-07,0.6195894479751587,0.7940736413002014,-0.03322778269648552,0.679305911064148,0.6941420435905457,-0.03952905535697937,0.6904735565185547,0.5880687832832336,-0.04347246512770653,0.6837360262870789,0.5103791356086731,-0.0388314314186573,0.6408209204673767,0.5922131538391113,1.4149076378089376e-05,0.6460984349250793,0.5166441202163696,-0.03187432885169983,0.6406351327896118,0.6032151579856873,-0.04398656263947487,0.6345264315605164,0.629131555557251,-0.04727260768413544,0.5931801199913025,0.5840431451797485,0.004860733635723591,0.5944228768348694,0.5193261504173279,-0.029047247022390366,0.5960996747016907,0.6234017610549927,-0.03239595144987106,0.5914860963821411,0.6337957978248596,-0.025925355032086372,0.546621561050415,0.5900866985321045,0.001941655995324254,0.5446729063987732,0.5299518704414368,-0.03526674583554268,0.5522672533988953,0.6261144876480103,-0.018063703551888466,0.5512122511863708,0.6387702226638794,0.0032879100181162357,0.49576857686042786,0.6019212603569031,-0.003827413311228156,0.49851536750793457,0.5595504641532898,-0.024058060720562935,0.5112311840057373,0.6220917701721191,-0.008306484669446945,0.51209557056427,0.6373162269592285,0.009767912328243256,space
0.5182458162307739,0.8311426043510437,-5.130598310643109e-07,0.5958635807037354,0.7952203154563904,-0.033477362245321274,0.660631000995636,0.6916754841804504,-0.03799819573760033,0.6762259006500244,0.5834853053092957,-0.03951894864439964,0.669508159160614,0.5073886513710022,-0.031497322022914886,0.6227995753288269,0.5850546360015869,-0.0021611626725643873,0.6257673501968384,0.5045796632766724,-0.03404783457517624,0.6175035834312439,0.5949643850326538,-0.0455886609852314,0.613732099533081,0.6205974221229553,-0.048740204423666,0.5732937455177307,0.5785104632377625,0.003270242363214493,0.571255624294281,0.509753406047821,-0.03195536881685257,0.5730040073394775,0.6161060333251953,-0.03466396778821945,0.5723927021026611,0.6252861022949219,-0.027602333575487137,0.5250988602638245,0.5838127732276917,0.0009076421265490353,0.520274817943573,0.5176697969436646,-0.03668501600623131,0.5275945663452148,0.6147948503494263,-0.019502578303217888,0.5298758149147034,0.6258062124252319,0.0016581546515226364,0.4737524688243866,0.5926159024238586,-0.004427643027156591,0.4731903374195099,0.5466480255126953,-0.025205325335264206,0.48536574840545654,0.6091556549072266,-0.010610406287014484,0.48940712213516235,0.6240523457527161,0.006595903541892767,space
0.49480506777763367,0.8153772950172424,-5.627726409329625e-07,0.5771000981330872,0.7848396301269531,-0.032471414655447006,0.6443242430686951,0.6749964356422424,-0.03594209998846054,0.6610298752784729,0.5601540803909302,-0.036692701280117035,0.6721784472465515,0.482729434967041,-0.027096912264823914,0.6071043610572815,0.5619145631790161,-0.0007282805745489895,0.6124991774559021,0.4796196222305298,-0.03293028846383095,0.6034342050552368,0.5754256844520569,-0.04251113906502724,0.5981528759002686,0.6045550107955933,-0.04357422888278961,0.5546618103981018,0.5540287494659424,0.004313261713832617,0.5557152032852173,0.4845694899559021,-0.02981945127248764,0.5560685992240906,0.5962952375411987,-0.029444055631756783,0.5545963644981384,0.6051205396652222,-0.020155757665634155,0.504464328289032,0.5588838458061218,0.0011636823182925582,0.5036934018135071,0.49179279804229736,-0.03662261366844177,0.509540855884552,0.5937129259109497,-0.017524849623441696,0.5105169415473938,0.6056831479072571,0.005297111812978983,0.4527173638343811,0.5677125453948975,-0.00485095102339983,0.45504602789878845,0.5156787633895874,-0.025082429870963097,0.4659940004348755,0.5801584720611572,-0.009034757502377033,0.46867993474006653,0.597604513168335,0.009513716213405132,space
0.4863825738430023,0.8141024708747864,-5.950034278612293e-07,0.5741894245147705,0.782180666923523,-0.030599722638726234,0.6428313255310059,0.6714514493942261,-0.03234875574707985,0.6580687165260315,0.5551148653030396,-0.031866852194070816,0.6696259379386902,0.47867149114608765,-0.02154082991182804,0.6057660579681396,0.5618907809257507,0.0032568660099059343,0.6136258244514465,0.4783426523208618,-0.029235072433948517,0.6018086671829224,0.5735294222831726,-0.04044007882475853,0.5963417291641235,0.6023324728012085,-0.04281879961490631,0.5526182055473328,0.5524994730949402,0.0073623694479465485,0.5567953586578369,0.4771910309791565,-0.028685908764600754,0.5538800358772278,0.5912123322486877,-0.030650200322270393,0.5517145395278931,0.605043888092041,-0.022262146696448326,0.5021079778671265,0.5543692708015442,0.003419293789193034,0.5039981007575989,0.4822087287902832,-0.035594455897808075,0.506349503993988,0.5866228938102722,-0.01707511767745018,0.5067436099052429,0.6018585562705994,0.0060188197530806065,0.4489430785179138,0.5602155327796936,-0.0032146137673407793,0.4536176919937134,0.5044236779212952,-0.023977184668183327,0.46199607849121094,0.5731649398803711,-0.007398300338536501,0.4638880491256714,0.5939624309539795,0.011742165312170982,space
0.48371341824531555,0.8182418942451477,-5.659862267748395e-07,0.5706461071968079,0.7817293405532837,-0.031828392297029495,0.6383538246154785,0.6717289090156555,-0.034294724464416504,0.6552496552467346,0.5540062189102173,-0.034420307725667953,0.6639014482498169,0.47446444630622864,-0.02461669221520424,0.5988931059837341,0.5622724890708923,0.004656284116208553,0.6056488752365112,0.47575584053993225,-0.027406571432948112,0.5958703756332397,0.5701203346252441,-0.03911275416612625,0.5906868577003479,0.5991884469985962,-0.041783083230257034,0.5461496114730835,0.5536152124404907,0.00972086749970913,0.5492984056472778,0.47709470987319946,-0.026109425351023674,0.5487828850746155,0.5901287198066711,-0.02933087758719921,0.5464028716087341,0.6045693159103394,-0.021717019379138947,0.49615418910980225,0.5565224885940552,0.0067114257253706455,0.49608826637268066,0.4836792051792145,-0.03166480362415314,0.5011332035064697,0.5867000222206116,-0.013664575293660164,0.5017433762550354,0.603079617023468,0.009117168374359608,0.44360631704330444,0.5633542537689209,0.0008493281784467399,0.44829538464546204,0.5079565644264221,-0.019407741725444794,0.45776864886283875,0.5753894448280334,-0.0028215060010552406,0.45900851488113403,0.5961228013038635,0.0165058895945549,space
0.4939948618412018,0.801113486289978,-5.800270059808099e-07,0.5817803144454956,0.7622388005256653,-0.030903980135917664,0.6495412588119507,0.6526634693145752,-0.03282339498400688,0.661418616771698,0.5369042158126831,-0.03269711136817932,0.6671510934829712,0.457136332988739,-0.023338286206126213,0.6058647036552429,0.5450737476348877,0.003809775225818157,0.6127969026565552,0.4570794701576233,-0.0281536728143692,0.6064516305923462,0.5526193976402283,-0.03931496664881706,0.6024211049079895,0.5853841304779053,-0.04128742963075638,0.5544171929359436,0.5375580191612244,0.008229291997849941,0.5592666268348694,0.45692089200019836,-0.028237171471118927,0.560520350933075,0.5704887509346008,-0.032030537724494934,0.5569540858268738,0.5920760631561279,-0.024243051186203957,0.5055630207061768,0.5403079986572266,0.004820970352739096,0.5057878494262695,0.46566805243492126,-0.034408602863550186,0.512015700340271,0.56902015209198,-0.01780499331653118,0.5114498734474182,0.5909462571144104,0.00470011355355382,0.45271220803260803,0.5475287437438965,-0.0012069462100043893,0.45636704564094543,0.4878758192062378,-0.022802602499723434,0.4681238532066345,0.5557385087013245,-0.007319568656384945,0.4700912833213806,0.5812455415725708,0.011658224277198315,space
0.49709126353263855,0.801945686340332,-5.701790541934315e-07,0.5839016437530518,0.763314425945282,-0.029446233063936234,0.6518462896347046,0.6574356555938721,-0.03086894564330578,0.664621889591217,0.542412281036377,-0.030376845970749855,0.671394407749176,0.46407806873321533,-0.02036193385720253,0.6084119081497192,0.5518230199813843,0.005933762062340975,0.6165347695350647,0.46457332372665405,-0.024075588211417198,0.6086470484733582,0.5609766840934753,-0.03368666023015976,0.6032875776290894,0.5906851291656494,-0.03497588634490967,0.5576627850532532,0.543107271194458,0.010330475866794586,0.5621253848075867,0.4628101587295532,-0.024516766890883446,0.5630096197128296,0.5769088268280029,-0.02720094844698906,0.5594661235809326,0.5948624014854431,-0.019060403108596802,0.5090598464012146,0.5448766946792603,0.007146811578422785,0.5096940994262695,0.46890226006507874,-0.03061681054532528,0.5156537890434265,0.5739513039588928,-0.012822736985981464,0.5150712728500366,0.5944528579711914,0.010109695605933666,0.45582836866378784,0.5503771305084229,0.0014661592431366444,0.4593218266963959,0.49113282561302185,-0.01865508034825325,0.46967530250549316,0.558801531791687,-0.0024760644882917404,0.4708247184753418,0.5821220874786377,0.016634510830044746,space
0.49023452401161194,0.7922089695930481,-5.638136144625605e-07,0.5773812532424927,0.7538262605667114,-0.029742492362856865,0.6445932388305664,0.6507999897003174,-0.03108096681535244,0.6578109264373779,0.5361490845680237,-0.030423060059547424,0.66387540102005,0.4581342935562134,-0.020092559978365898,0.6020844578742981,0.5451324582099915,0.007455264683812857,0.6100862622261047,0.4590129554271698,-0.022975612431764603,0.6013545989990234,0.5546383261680603,-0.03399460017681122,0.5967308878898621,0.583178699016571,-0.036469899117946625,0.5516250133514404,0.5368778109550476,0.012589900754392147,0.5553390979766846,0.45670098066329956,-0.023444104939699173,0.5558186769485474,0.5703185200691223,-0.0279580969363451,0.5537405014038086,0.5879859924316406,-0.020925864577293396,0.5037355422973633,0.5387096405029297,0.010190651752054691,0.5032211542129517,0.46347036957740784,-0.02769988402724266,0.5087972283363342,0.56746506690979,-0.010596183128654957,0.5099888443946838,0.5871245861053467,0.011891470290720463,0.45173078775405884,0.5438618659973145,0.005208136979490519,0.45435598492622375,0.4873696565628052,-0.014454401098191738,0.46443721652030945,0.5550843477249146,0.0014618946006521583,0.4673713147640228,0.5779010057449341,0.02031983807682991,space
0.4895685315132141,0.7819585204124451,-5.622116532322252e-07,0.5762307643890381,0.7438668608665466,-0.029115093871951103,0.643905758857727,0.6422582864761353,-0.030312422662973404,0.6576989889144897,0.5303128957748413,-0.029712030664086342,0.6621803641319275,0.4524657726287842,-0.019972512498497963,0.6035569906234741,0.5365141034126282,0.006008522119373083,0.6082898378372192,0.4506785571575165,-0.02416122891008854,0.6004440784454346,0.5440541505813599,-0.03466188907623291,0.5972616672515869,0.5759404301643372,-0.0363631434738636,0.5534127950668335,0.5279667973518372,0.010726114735007286,0.554863452911377,0.4508257508277893,-0.02363787218928337,0.5551957488059998,0.5615255236625671,-0.026907382532954216,0.5539345741271973,0.581203818321228,-0.01935018226504326,0.5059601068496704,0.5297060012817383,0.007866053842008114,0.5034093856811523,0.45712780952453613,-0.029962318018078804,0.5089074969291687,0.5593846440315247,-0.013772291131317616,0.5111815333366394,0.5816969275474548,0.00822247564792633,0.45454296469688416,0.5358415246009827,0.0025546865072101355,0.4533272087574005,0.47675228118896484,-0.01854657009243965,0.46473783254623413,0.5430004596710205,-0.0039918748661875725,0.47020697593688965,0.5688267946243286,0.014300208538770676,space
0.48996230959892273,0.7680234909057617,-5.522704782379151e-07,0.577318549156189,0.7322131991386414,-0.029206933453679085,0.6437516212463379,0.6282271146774292,-0.02948799356818199,0.6567776203155518,0.5136348009109497,-0.027391856536269188,0.6615198254585266,0.4373001456260681,-0.015475130639970303,0.5992451906204224,0.5255604982376099,0.007794506847858429,0.6084949970245361,0.4402586817741394,-0.021136123687028885,0.6004413366317749,0.5360684394836426,-0.03120279870927334,0.5953110456466675,0.564182698726654,-0.033198773860931396,0.5493466854095459,0.5177993178367615,0.013639126904308796,0.5550280809402466,0.43736907839775085,-0.02041948027908802,0.5552119612693787,0.5503347516059875,-0.02438255585730076,0.5522652864456177,0.5662389993667603,-0.017371023073792458,0.5016758441925049,0.519468367099762,0.012067131698131561,0.5037705302238464,0.44526609778404236,-0.023862941190600395,0.5087109804153442,0.5471255779266357,-0.007397940382361412,0.5088815689086914,0.5638481974601746,0.014090521261096,0.44997096061706543,0.5235335230827332,0.008043869398534298,0.4544408917427063,0.4670480489730835,-0.010057330131530762,0.4639344811439514,0.5331200957298279,0.005663666874170303,0.46634647250175476,0.5540233254432678,0.02389928139746189,space
0.48505011200904846,0.769500732421875,-5.550655259867199e-07,0.5719057321548462,0.7325277924537659,-0.029389260336756706,0.6403342485427856,0.6276026964187622,-0.030299998819828033,0.6525065302848816,0.5119126439094543,-0.028677796944975853,0.6579084396362305,0.4345991611480713,-0.017438547685742378,0.596377432346344,0.5218668580055237,0.004896257538348436,0.603080153465271,0.4377347230911255,-0.023588433861732483,0.595706045627594,0.5321356058120728,-0.03286811709403992,0.5899611711502075,0.5612409710884094,-0.03421716392040253,0.5455116629600525,0.513464629650116,0.010466710664331913,0.5484893321990967,0.435137540102005,-0.022165970876812935,0.5500486493110657,0.5475518703460693,-0.02482461929321289,0.5465909838676453,0.5641725659370422,-0.017377419397234917,0.49759191274642944,0.5155903697013855,0.008864259347319603,0.4976063072681427,0.4413047730922699,-0.025977792218327522,0.5034965872764587,0.5435470342636108,-0.008627898059785366,0.5026442408561707,0.5625972151756287,0.013037033379077911,0.44524767994880676,0.5206558108329773,0.004788708407431841,0.4473586082458496,0.4635319113731384,-0.013117527589201927,0.45756644010543823,0.5284623503684998,0.0027373014017939568,0.45942699909210205,0.5491442680358887,0.021042954176664352,space
0.47954487800598145,0.7728779315948486,-5.474153681461758e-07,0.5670053958892822,0.7279287576675415,-0.02839263342320919,0.6304760575294495,0.6243141293525696,-0.02927830070257187,0.6399827599525452,0.5114493370056152,-0.028198672458529472,0.6401476860046387,0.4332958459854126,-0.01773815043270588,0.5840334296226501,0.5237138271331787,0.006871012970805168,0.5886396765708923,0.4379180371761322,-0.02272445522248745,0.5840439796447754,0.5318236947059631,-0.03406775742769241,0.5800367593765259,0.5617133975028992,-0.03676936775445938,0.5330712795257568,0.518639326095581,0.011985772289335728,0.5342118144035339,0.4384194612503052,-0.021881496533751488,0.5384746789932251,0.5501818060874939,-0.0265304334461689,0.5364717841148376,0.5689004063606262,-0.0203530415892601,0.484994500875473,0.522428035736084,0.009919977746903896,0.4833832085132599,0.44605863094329834,-0.02586756832897663,0.4915969967842102,0.5480961203575134,-0.00965820997953415,0.49260562658309937,0.5696866512298584,0.011635052040219307,0.4329705238342285,0.5295234322547913,0.005436969920992851,0.43364959955215454,0.4704134166240692,-0.013317563571035862,0.4458094835281372,0.5354750156402588,0.0020573236979544163,0.44964709877967834,0.5594859719276428,0.02032473124563694,space
0.47676289081573486,0.7817583084106445,-5.533011062652804e-07,0.5630178451538086,0.7366982698440552,-0.029867902398109436,0.6274651288986206,0.6296411752700806,-0.03125438094139099,0.6372581720352173,0.5157911777496338,-0.030549611896276474,0.6374881267547607,0.4367266297340393,-0.020375369116663933,0.5818378329277039,0.5270485877990723,0.005229665897786617,0.5855347514152527,0.44080108404159546,-0.025291413068771362,0.5808380246162415,0.5344884395599365,-0.03673562407493591,0.5777291059494019,0.5639128684997559,-0.03941363841295242,0.5306541323661804,0.5217214226722717,0.010275298729538918,0.5307987928390503,0.4425424337387085,-0.0246256273239851,0.5355402231216431,0.5540643334388733,-0.028946392238140106,0.5340332984924316,0.5724584460258484,-0.022246509790420532,0.48254305124282837,0.5261256098747253,0.007888272404670715,0.47925853729248047,0.44993892312049866,-0.02951463684439659,0.4889043867588043,0.552842915058136,-0.013199971057474613,0.4909049868583679,0.574431836605072,0.008560153655707836,0.4310418665409088,0.5347757935523987,0.0029419148340821266,0.4304615557193756,0.476248562335968,-0.017485247924923897,0.4441201984882355,0.5415793657302856,-0.00244117365218699,0.4490872919559479,0.5657396912574768,0.015987632796168327,space
0.4738847613334656,0.7925200462341309,-5.671634539794468e-07,0.5606088638305664,0.7418543100357056,-0.027457747608423233,0.6231836080551147,0.6331947445869446,-0.027990441769361496,0.630615770816803,0.5199463367462158,-0.027381593361496925,0.6330739259719849,0.44246214628219604,-0.017503460869193077,0.5750627517700195,0.5323504209518433,0.009628446772694588,0.5779626369476318,0.4439343810081482,-0.022044247016310692,0.5764040946960449,0.5376866459846497,-0.03434932231903076,0.5733748078346252,0.5697572231292725,-0.03685272857546806,0.5248030424118042,0.5285597443580627,0.013549095019698143,0.5248845219612122,0.44933557510375977,-0.021369952708482742,0.5314837098121643,0.5612720251083374,-0.026256296783685684,0.528950572013855,0.5805088877677917,-0.019767966121435165,0.47734254598617554,0.534138023853302,0.009846094064414501,0.47354650497436523,0.4576157033443451,-0.028548648580908775,0.48470377922058105,0.5616261959075928,-0.012848074547946453,0.4862174689769745,0.5854285359382629,0.009131512604653835,0.4248911440372467,0.5446211099624634,0.0038619788829237223,0.4228975176811218,0.48317423462867737,-0.017580334097146988,0.4393278956413269,0.5496329069137573,-0.0026825976092368364,0.44533511996269226,0.5767847895622253,0.016244512051343918,space
0.4637182354927063,0.798011839389801,-5.559816145250807e-07,0.550800621509552,0.7427586913108826,-0.025637252256274223,0.6100984811782837,0.6370418667793274,-0.025382723659276962,0.6168713569641113,0.5226431488990784,-0.02460179477930069,0.6189075112342834,0.4421987533569336,-0.014680217951536179,0.56503826379776,0.5367510914802551,0.01699839159846306,0.5673084855079651,0.44695737957954407,-0.01341284066438675,0.5637427568435669,0.5382516384124756,-0.02654426544904709,0.559362530708313,0.5728918313980103,-0.02975231036543846,0.5133989453315735,0.5316092371940613,0.020351285114884377,0.5121445059776306,0.4483920931816101,-0.014560352079570293,0.5175136923789978,0.5607429146766663,-0.02113511599600315,0.5145640969276428,0.585794985294342,-0.015122316777706146,0.46406736969947815,0.5369014143943787,0.01604611799120903,0.46053388714790344,0.4544837474822998,-0.020803045481443405,0.4704133868217468,0.5596233606338501,-0.0049145156517624855,0.4704348146915436,0.5879499912261963,0.01736888848245144,0.4096810221672058,0.5483804941177368,0.009406808763742447,0.41035541892051697,0.4875299334526062,-0.010194255039095879,0.42440488934516907,0.5544760823249817,0.005275624804198742,0.4279199242591858,0.5801129937171936,0.024538910016417503,space
0.45744970440864563,0.7983396649360657,-5.611449864773022e-07,0.5423039793968201,0.7440042495727539,-0.02889186702668667,0.6022724509239197,0.6367977261543274,-0.029426442459225655,0.6082194447517395,0.5226749181747437,-0.02877919189631939,0.6082447171211243,0.44375181198120117,-0.018747055903077126,0.5548919439315796,0.5350186824798584,0.014235569164156914,0.5563901662826538,0.44699805974960327,-0.01666979305446148,0.5551718473434448,0.5392296314239502,-0.029261477291584015,0.5521672368049622,0.5726344585418701,-0.03180812671780586,0.5048486590385437,0.5318920016288757,0.019442930817604065,0.5036008358001709,0.4527074098587036,-0.01644360087811947,0.5108476877212524,0.5643011331558228,-0.02290980890393257,0.5092097520828247,0.5871601104736328,-0.016580283641815186,0.45731648802757263,0.5380405187606812,0.016621435061097145,0.45194700360298157,0.4623183012008667,-0.0222899429500103,0.4635978937149048,0.5644824504852295,-0.008267581462860107,0.4655788242816925,0.5906902551651001,0.013406217098236084,0.40499112010002136,0.548995316028595,0.011373859830200672,0.4030197262763977,0.4882325232028961,-0.009887414053082466,0.41899359226226807,0.5528852343559265,0.00409327819943428,0.4249349534511566,0.5802503228187561,0.022792840376496315,space
0.4623216688632965,0.7978142499923706,-5.743484052800341e-07,0.5468034148216248,0.7431581020355225,-0.029380133375525475,0.6044060587882996,0.6312723159790039,-0.030327176675200462,0.6079016923904419,0.5164012908935547,-0.029557108879089355,0.6050107479095459,0.43708837032318115,-0.019310787320137024,0.5532384514808655,0.534483015537262,0.008633793331682682,0.5547600388526917,0.443183958530426,-0.022587843239307404,0.5551955103874207,0.5399556159973145,-0.034331075847148895,0.5537583827972412,0.5755561590194702,-0.03641314432024956,0.5033146142959595,0.5327597260475159,0.013727783225476742,0.5011798143386841,0.4493906795978546,-0.021420318633317947,0.509931206703186,0.5626689195632935,-0.02587771974503994,0.5087385773658752,0.5864245891571045,-0.018584992736577988,0.45623284578323364,0.5402471423149109,0.010996503755450249,0.4509027898311615,0.4624536633491516,-0.026459110900759697,0.4631277322769165,0.5655084252357483,-0.010077784769237041,0.46523743867874146,0.5901246070861816,0.012381363660097122,0.404883474111557,0.5530022382736206,0.005741871427744627,0.40340617299079895,0.4913294315338135,-0.014012766070663929,0.4181545376777649,0.5573627948760986,0.001825076760724187,0.42240065336227417,0.583989143371582,0.02112916111946106,space
0.46219930052757263,0.7869840860366821,-5.356062047212617e-07,0.5468646287918091,0.732783317565918,-0.029035136103630066,0.606433093547821,0.6211429238319397,-0.030070725828409195,0.6107684373855591,0.5063721537590027,-0.029181698337197304,0.60906583070755,0.42798712849617004,-0.01829608902335167,0.5562539100646973,0.5229641199111938,0.008326936513185501,0.5570590496063232,0.4331575632095337,-0.022621754556894302,0.5576931834220886,0.5291374921798706,-0.034756507724523544,0.555162250995636,0.559731125831604,-0.037592723965644836,0.5049440264701843,0.5218452215194702,0.013508814387023449,0.5029914975166321,0.44140562415122986,-0.020299797877669334,0.5128670334815979,0.5549614429473877,-0.02459341287612915,0.5108317732810974,0.5713679790496826,-0.018252752721309662,0.4565010964870453,0.5302000045776367,0.011067712679505348,0.4524090886116028,0.45409950613975525,-0.025473393499851227,0.4655786156654358,0.5573298931121826,-0.008668610826134682,0.4662502110004425,0.5767008066177368,0.013219740241765976,0.4043232202529907,0.5423787832260132,0.006133445538580418,0.40563809871673584,0.4838746190071106,-0.012879913672804832,0.42051443457603455,0.5488994717597961,0.003366595832630992,0.42269277572631836,0.5712072253227234,0.022501183673739433,space
0.45598334074020386,0.8070727586746216,-5.728009000449674e-07,0.54203200340271,0.7521635293960571,-0.02924460358917713,0.602066159248352,0.6404422521591187,-0.031054679304361343,0.6057406663894653,0.5246389508247375,-0.03147875890135765,0.6044316291809082,0.4434475898742676,-0.022527245804667473,0.5548561811447144,0.541437566280365,0.006122250575572252,0.5525771379470825,0.4500480592250824,-0.026923246681690216,0.5533906817436218,0.5445324182510376,-0.03909061849117279,0.5528522729873657,0.5809866786003113,-0.041030723601579666,0.5033158659934998,0.5389096140861511,0.010359270498156548,0.4980895221233368,0.45876115560531616,-0.02623830735683441,0.5080478191375732,0.5712710618972778,-0.030338622629642487,0.5082895159721375,0.5944437384605408,-0.02289668843150139,0.45498958230018616,0.5459414124488831,0.006756645627319813,0.44693344831466675,0.4684635400772095,-0.03318305313587189,0.46081677079200745,0.5730433464050293,-0.0166521817445755,0.464556485414505,0.6006482839584351,0.006418903358280659,0.40227431058883667,0.5585328936576843,0.0006637879996560514,0.3979395031929016,0.49626466631889343,-0.02201336994767189,0.41514918208122253,0.5619264245033264,-0.007278895936906338,0.4219091236591339,0.5900653004646301,0.011929108761250973,space
0.458743691444397,0.8038786053657532,-5.599918608822918e-07,0.5430868864059448,0.7482062578201294,-0.029477929696440697,0.6015316843986511,0.6385754346847534,-0.03139232099056244,0.6058851480484009,0.5242669582366943,-0.03186763450503349,0.6043592691421509,0.4445140063762665,-0.023007988929748535,0.5515883564949036,0.5389159917831421,0.007185306400060654,0.5513576865196228,0.45000913739204407,-0.025657853111624718,0.5526671409606934,0.5433316826820374,-0.03807855024933815,0.5511707067489624,0.5775368809700012,-0.04026326909661293,0.5013403296470642,0.5370224714279175,0.01172724924981594,0.4985966980457306,0.45953691005706787,-0.024014756083488464,0.5085099339485168,0.5710365772247314,-0.028636230155825615,0.5077151656150818,0.5899896025657654,-0.021873285993933678,0.4542774260044098,0.5448381304740906,0.00836328323930502,0.44848400354385376,0.4711340069770813,-0.03067316673696041,0.4618290066719055,0.5734057426452637,-0.014796140603721142,0.46416348218917847,0.59562087059021,0.007396036759018898,0.40259549021720886,0.5580770969390869,0.0025061576161533594,0.3988889455795288,0.4969417452812195,-0.018963009119033813,0.4161713421344757,0.5612102150917053,-0.0038578889798372984,0.42242133617401123,0.5872032046318054,0.01524837501347065,space
0.46487921476364136,0.7861508727073669,-5.788853059129906e-07,0.5490740537643433,0.7361270189285278,-0.028756285086274147,0.609038770198822,0.6264966726303101,-0.02983281947672367,0.6127338409423828,0.5123478174209595,-0.0290878526866436,0.6128491163253784,0.43497568368911743,-0.018662434071302414,0.5600845217704773,0.5264718532562256,0.007112512830644846,0.5612449645996094,0.43776935338974,-0.024456007406115532,0.5613224506378174,0.533557653427124,-0.03640316426753998,0.5592262148857117,0.5638100504875183,-0.03913204371929169,0.5108170509338379,0.5246335864067078,0.011742391623556614,0.5094726085662842,0.4457392692565918,-0.022845357656478882,0.5177136063575745,0.5582848191261292,-0.027029693126678467,0.5157411098480225,0.5743446350097656,-0.02051437646150589,0.46432170271873474,0.5316463112831116,0.00875944271683693,0.4596978425979614,0.45753830671310425,-0.029176587238907814,0.471585750579834,0.5610591769218445,-0.012444833293557167,0.4731025993824005,0.5809631943702698,0.009687385521829128,0.4127468168735504,0.5427507758140564,0.003394118510186672,0.41117891669273376,0.4836679995059967,-0.017213495448231697,0.4267069697380066,0.5501306056976318,-0.0013620101381093264,0.43139389157295227,0.5745139122009277,0.017747633159160614,space
0.45923835039138794,0.8031458854675293,-5.473147552947921e-07,0.5443119406700134,0.7470563650131226,-0.029738735407590866,0.6033201813697815,0.6380261182785034,-0.03147634118795395,0.6086298823356628,0.5230526924133301,-0.0317826084792614,0.6091856956481934,0.4424530267715454,-0.022568054497241974,0.5553655624389648,0.538165807723999,0.010252152569591999,0.5564508438110352,0.4488487243652344,-0.021104542538523674,0.5554903745651245,0.542286217212677,-0.033432699739933014,0.5520366430282593,0.5741714835166931,-0.03598916158080101,0.5041936635971069,0.5354813933372498,0.015296673402190208,0.5022493600845337,0.45549076795578003,-0.020251132547855377,0.5109342932701111,0.5667157769203186,-0.025720665231347084,0.5094723701477051,0.5868090391159058,-0.019324684515595436,0.4559768736362457,0.5429880023002625,0.01242823712527752,0.45063769817352295,0.46630337834358215,-0.025839632377028465,0.4640417695045471,0.5680130124092102,-0.010433604940772057,0.4664407968521118,0.5922417044639587,0.011538776569068432,0.4037465453147888,0.5553291440010071,0.006973333191126585,0.4011837840080261,0.49414733052253723,-0.013568554073572159,0.4181697964668274,0.5572975873947144,0.0013427453814074397,0.42446476221084595,0.5832715034484863,0.020243898034095764,space
0.4614017903804779,0.789348304271698,-5.560850127039885e-07,0.5474298000335693,0.7379165887832642,-0.029585111886262894,0.6079332828521729,0.6267809867858887,-0.031179754063487053,0.6151177883148193,0.5109986066818237,-0.031220177188515663,0.6142591834068298,0.43164899945259094,-0.021864907816052437,0.5606652498245239,0.5242716073989868,0.006858690641820431,0.5609652996063232,0.43526870012283325,-0.025363074615597725,0.56000155210495,0.5303135514259338,-0.03754361346364021,0.5577778816223145,0.5651162266731262,-0.039762213826179504,0.5087147355079651,0.5215948820114136,0.011791437864303589,0.5064486861228943,0.4420338273048401,-0.024705465883016586,0.5146600604057312,0.5557997822761536,-0.029217718169093132,0.5139467716217041,0.5778926014900208,-0.021992864087224007,0.4595499336719513,0.5291644334793091,0.008921200409531593,0.45435193181037903,0.45226943492889404,-0.030231265351176262,0.4673607051372528,0.555833637714386,-0.014421614818274975,0.4701215624809265,0.5815547108650208,0.007925203070044518,0.40667054057121277,0.5413975715637207,0.003560615936294198,0.4048161506652832,0.48037660121917725,-0.018129359930753708,0.42135095596313477,0.5447498559951782,-0.0037192413583397865,0.4276602864265442,0.571020781993866,0.01492251642048359,space
0.4605517089366913,0.7947915196418762,-5.496290782502911e-07,0.5465251207351685,0.7411513328552246,-0.030372697860002518,0.6069419384002686,0.6291159987449646,-0.03276979550719261,0.6140544414520264,0.5124346613883972,-0.033578235656023026,0.6131849884986877,0.4305688440799713,-0.02505338191986084,0.5606304407119751,0.5262022018432617,0.007100045680999756,0.5614086389541626,0.4384901225566864,-0.026180164888501167,0.5605200529098511,0.5317658185958862,-0.0395660363137722,0.5582806468009949,0.5663841962814331,-0.04261249676346779,0.5083513855934143,0.5232276320457458,0.011775417253375053,0.5067304372787476,0.4442872405052185,-0.025258002802729607,0.514950156211853,0.5572341084480286,-0.030522944405674934,0.5138910412788391,0.5788752436637878,-0.023844018578529358,0.45857301354408264,0.5308639407157898,0.008479907177388668,0.4545519948005676,0.4538688659667969,-0.03144877403974533,0.4673296809196472,0.5581747889518738,-0.015169085003435612,0.4694751501083374,0.58319491147995,0.007536172866821289,0.4047441780567169,0.5444653630256653,0.0025995983742177486,0.4064537286758423,0.4839772880077362,-0.01950030028820038,0.42192086577415466,0.5502744317054749,-0.004189546685665846,0.4256865680217743,0.5761235356330872,0.015137812122702599,space
0.4639489948749542,0.788189172744751,-5.831415705870313e-07,0.5519270300865173,0.7390453815460205,-0.03106323815882206,0.6146587133407593,0.6251189112663269,-0.03243377432227135,0.6201325058937073,0.5075855255126953,-0.03155409172177315,0.6206747889518738,0.4274882674217224,-0.02049674652516842,0.5653456449508667,0.5199702978134155,0.0062460508197546005,0.5659586787223816,0.43015897274017334,-0.026362871751189232,0.5651194453239441,0.5292718410491943,-0.0385366789996624,0.5635773539543152,0.561576783657074,-0.04098530486226082,0.5132218599319458,0.517329216003418,0.01193791814148426,0.5111373066902161,0.4386334717273712,-0.023912463337183,0.519486129283905,0.5544747114181519,-0.027706699445843697,0.5188741683959961,0.5721561908721924,-0.020240196958184242,0.46417272090911865,0.5240801572799683,0.009568917565047741,0.4589393436908722,0.4491821527481079,-0.029472658410668373,0.471341997385025,0.5553185343742371,-0.01258185226470232,0.47434139251708984,0.5773060917854309,0.010265009477734566,0.4111745357513428,0.5352458953857422,0.00455466378480196,0.4090898036956787,0.47600671648979187,-0.01710708998143673,0.42495301365852356,0.5441175103187561,-0.0017416364280506968,0.4309930205345154,0.5697652101516724,0.017618577927350998,space
0.4670485258102417,0.7873786687850952,-5.626610573017388e-07,0.5542386770248413,0.7350585460662842,-0.029718011617660522,0.6159335970878601,0.6198313236236572,-0.030497539788484573,0.622258186340332,0.5018348097801208,-0.029331257566809654,0.6219240427017212,0.42089956998825073,-0.01818011701107025,0.5665857791900635,0.5167241096496582,0.007536666933447123,0.5674304366111755,0.42692989110946655,-0.024063751101493835,0.5669934153556824,0.5239127278327942,-0.035379186272621155,0.5642406344413757,0.5572046637535095,-0.03711973875761032,0.514628529548645,0.5138979554176331,0.012740852311253548,0.5122942924499512,0.4359292984008789,-0.02138235792517662,0.5210922360420227,0.5502994656562805,-0.024827387183904648,0.5197365880012512,0.5666682124137878,-0.017640672624111176,0.4653783440589905,0.521023154258728,0.01003271620720625,0.46070557832717896,0.4464234709739685,-0.027722619473934174,0.47358691692352295,0.5517203211784363,-0.010834786109626293,0.4754979610443115,0.5725043416023254,0.011510501615703106,0.41207006573677063,0.5325577259063721,0.004793351981788874,0.4114370346069336,0.4731499254703522,-0.015729937702417374,0.427251398563385,0.5397746562957764,2.7180794859305024e-05,0.4319320619106293,0.5640955567359924,0.019325559958815575,space
0.47141993045806885,0.7873717546463013,-5.697262395187863e-07,0.5594998598098755,0.7352051734924316,-0.031216733157634735,0.6209391355514526,0.6214904189109802,-0.03292929381132126,0.626756489276886,0.5034955143928528,-0.03303706273436546,0.6287125945091248,0.42210057377815247,-0.023430611938238144,0.5702247619628906,0.516607403755188,0.00939327385276556,0.5729333162307739,0.4221966862678528,-0.02350008487701416,0.5738558769226074,0.5200114250183105,-0.03564707562327385,0.5711609125137329,0.5562130808830261,-0.03742601349949837,0.5183372497558594,0.5137131214141846,0.01479600090533495,0.5178815126419067,0.4280027151107788,-0.02316952496767044,0.5276327729225159,0.5456809997558594,-0.02863277681171894,0.5251775979995728,0.5711537599563599,-0.02104303613305092,0.46881452202796936,0.5207641124725342,0.01200953871011734,0.4646152853965759,0.4390873312950134,-0.028783245012164116,0.4783538281917572,0.5469021797180176,-0.012586360797286034,0.4795221984386444,0.574981153011322,0.01103464886546135,0.4144684076309204,0.5332475900650024,0.006609454285353422,0.41439613699913025,0.46823057532310486,-0.015970708802342415,0.4311561584472656,0.5361562967300415,-0.0007610296015627682,0.43540406227111816,0.5651285648345947,0.019072972238063812,space
0.46804168820381165,0.7933068871498108,-5.779012326456723e-07,0.5567607879638672,0.7402538657188416,-0.029565345495939255,0.6196349859237671,0.626092255115509,-0.030881132930517197,0.6241868734359741,0.5085562467575073,-0.03066968359053135,0.6274532079696655,0.42735618352890015,-0.020908379927277565,0.5699710249900818,0.5203443169593811,0.008209189400076866,0.5737147927284241,0.4304754137992859,-0.023701496422290802,0.572837233543396,0.5285683274269104,-0.035324860364198685,0.5691221356391907,0.5626351237297058,-0.0373653881251812,0.5175988674163818,0.5162183046340942,0.012410564348101616,0.5190586447715759,0.43459564447402954,-0.02358539216220379,0.5267859101295471,0.551445722579956,-0.028206953778862953,0.5230382680892944,0.5733387470245361,-0.021048082038760185,0.4679630994796753,0.5230990648269653,0.008819449692964554,0.4656217396259308,0.44565993547439575,-0.03055400215089321,0.478017121553421,0.5527306795120239,-0.013871380127966404,0.4777929186820984,0.5769850611686707,0.009067968465387821,0.4133014380931854,0.5356230139732361,0.0028336013201624155,0.41441234946250916,0.47294312715530396,-0.01867007091641426,0.4309699535369873,0.5412327647209167,-0.002303195418789983,0.4342777729034424,0.5676904916763306,0.017770424485206604,space
0.46994125843048096,0.7942267656326294,-5.98149313191243e-07,0.559052050113678,0.7452661991119385,-0.03151000663638115,0.623337984085083,0.6311348080635071,-0.03339629992842674,0.6303110718727112,0.5120047926902771,-0.03358283266425133,0.6316003799438477,0.42885255813598633,-0.024048704653978348,0.5732533931732178,0.5221970081329346,0.0076787397265434265,0.5767862200737,0.4296783208847046,-0.026364771649241447,0.5759798288345337,0.5270779728889465,-0.03886488080024719,0.572209358215332,0.5639614462852478,-0.040737442672252655,0.5210039615631104,0.5170508027076721,0.012310434132814407,0.5224249958992004,0.43308305740356445,-0.026335325092077255,0.5294758677482605,0.5505605936050415,-0.0319693386554718,0.5255753993988037,0.5754075050354004,-0.02446594275534153,0.47134074568748474,0.5220651626586914,0.0086747407913208,0.4682742655277252,0.4439333975315094,-0.03295856714248657,0.479538232088089,0.5511753559112549,-0.017428679391741753,0.47896793484687805,0.576903223991394,0.005685404408723116,0.417481005191803,0.5325493812561035,0.0024533148389309645,0.4172729253768921,0.4683021605014801,-0.02090620808303356,0.4334610402584076,0.5367313623428345,-0.0058806585147976875,0.4373936057090759,0.564834713935852,0.013877715915441513,space
0.4713054895401001,0.7937341928482056,-6.228373194971937e-07,0.5615143179893494,0.7399804592132568,-0.02782345935702324,0.6253135204315186,0.6285948753356934,-0.02844325266778469,0.6311004161834717,0.5097572207450867,-0.028083978220820427,0.6338708400726318,0.42722463607788086,-0.017977161332964897,0.5737028121948242,0.5218541026115417,0.01188516803085804,0.5760357975959778,0.4259992837905884,-0.022404814139008522,0.5754497647285461,0.5259474515914917,-0.03572116792201996,0.5735067129135132,0.5616918802261353,-0.03812796622514725,0.5221387147903442,0.5185085535049438,0.015431742183864117,0.523095428943634,0.4305902123451233,-0.0233803428709507,0.5301221609115601,0.549660325050354,-0.029811447486281395,0.526991605758667,0.5741860866546631,-0.022868946194648743,0.4733915627002716,0.5239400863647461,0.011039859615266323,0.47018060088157654,0.4404529333114624,-0.030304264277219772,0.48151296377182007,0.5508025884628296,-0.01386092510074377,0.4826791286468506,0.5779181718826294,0.009969230741262436,0.41922229528427124,0.5346964597702026,0.004388993140310049,0.41799312829971313,0.46796849370002747,-0.018105726689100266,0.43428993225097656,0.5391987562179565,-0.001877525239251554,0.4395841360092163,0.5689427852630615,0.018784062936902046,space
0.4710901081562042,0.7933294773101807,-6.120450279922807e-07,0.5608812570571899,0.7437689900398254,-0.03140636533498764,0.6254459023475647,0.6291622519493103,-0.03357033431529999,0.6308802366256714,0.5095378160476685,-0.0339810885488987,0.6348187923431396,0.4272434711456299,-0.024436315521597862,0.5760952830314636,0.518499493598938,0.005937646608799696,0.5783575177192688,0.42477020621299744,-0.028689682483673096,0.5775576233863831,0.5247730016708374,-0.040896736085414886,0.574764609336853,0.5616683959960938,-0.04253755882382393,0.5241397619247437,0.514241099357605,0.010309383273124695,0.5245829224586487,0.4287739396095276,-0.02925269678235054,0.5318419933319092,0.5469909310340881,-0.034512244164943695,0.528677225112915,0.5714110732078552,-0.02671893686056137,0.4746752977371216,0.5198684334754944,0.006515851244330406,0.4705987274646759,0.437795490026474,-0.03574192896485329,0.48253774642944336,0.5460732579231262,-0.01924305222928524,0.4834543466567993,0.5724709033966064,0.004579964093863964,0.42004862427711487,0.5309532284736633,0.00013316636614035815,0.4180695116519928,0.46393314003944397,-0.023842833936214447,0.4351556599140167,0.5333892107009888,-0.008485750295221806,0.44063758850097656,0.5625123977661133,0.01162770576775074,space
0.4613824784755707,0.8140146732330322,4.897054850516724e-07,0.5424704551696777,0.7397028803825378,-0.03181249648332596,0.5967565774917603,0.6213582754135132,-0.030405672267079353,0.5996900796890259,0.5041527152061462,-0.027983611449599266,0.5657864809036255,0.42764946818351746,-0.02334722876548767,0.5548869371414185,0.49867042899131775,0.03988613188266754,0.5616338849067688,0.3905421495437622,0.04254230111837387,0.5593999624252319,0.32630765438079834,0.03129167854785919,0.5605528354644775,0.27140313386917114,0.01972753368318081,0.5060444474220276,0.48862701654434204,0.046884700655937195,0.50605309009552,0.38353925943374634,0.05309490114450455,0.5087335705757141,0.32554885745048523,0.03884924575686455,0.5167679190635681,0.2849040627479553,0.02551359497010708,0.4605516195297241,0.496357798576355,0.045674845576286316,0.45705023407936096,0.39480316638946533,0.0452868677675724,0.45928168296813965,0.3373567461967468,0.0329444445669651,0.46639955043792725,0.29644638299942017,0.021638821810483932,0.4122507870197296,0.521479606628418,0.03953180089592934,0.40428194403648376,0.4446146488189697,0.035107363015413284,0.40589168667793274,0.4037620723247528,0.030291100963950157,0.41327720880508423,0.37165769934654236,0.025796061381697655,space
0.46082454919815063,0.8354780077934265,4.843931264986168e-07,0.5285100936889648,0.7539746165275574,-0.03702850639820099,0.5640982389450073,0.6209809184074402,-0.04419334977865219,0.5208210945129395,0.5239307880401611,-0.04889927804470062,0.45597538352012634,0.4979197382926941,-0.05202460289001465,0.5457002520561218,0.4958171546459198,0.001051392056979239,0.5529089570045471,0.3708186745643616,-0.012851474806666374,0.5487046241760254,0.29760444164276123,-0.03070938214659691,0.5420231819152832,0.23515698313713074,-0.045499689877033234,0.49456655979156494,0.4850172996520996,0.001855656155385077,0.49894461035728455,0.3467670679092407,-0.009367197751998901,0.4980581998825073,0.25775235891342163,-0.028970999643206596,0.49431824684143066,0.18153733015060425,-0.04448786750435829,0.44862422347068787,0.5014150738716125,-0.004403966013342142,0.4475085139274597,0.3723987936973572,-0.019554847851395607,0.4507739543914795,0.28613412380218506,-0.04058181494474411,0.4502500593662262,0.2145814299583435,-0.05540014058351517,0.4021487534046173,0.5352509617805481,-0.01509900763630867,0.40039852261543274,0.427595317363739,-0.029078183695673943,0.40426743030548096,0.3573988676071167,-0.03944859281182289,0.40764105319976807,0.2941022515296936,-0.04776391386985779,space
0.4555986225605011,0.8495947122573853,5.369633413465635e-07,0.5211248993873596,0.7686684131622314,-0.03993726894259453,0.5547323822975159,0.6355105638504028,-0.0471937470138073,0.5065510869026184,0.5399346947669983,-0.05113048478960991,0.43879052996635437,0.5171403884887695,-0.05300573632121086,0.5420476198196411,0.5113217830657959,0.0019131199223920703,0.5503453612327576,0.3869017958641052,-0.0101371044293046,0.5484903454780579,0.31302309036254883,-0.027710162103176117,0.5435032844543457,0.24768739938735962,-0.04271060228347778,0.4898616671562195,0.49950119853019714,0.0043372646905481815,0.49487730860710144,0.3585529923439026,-0.0047355941496789455,0.49481528997421265,0.2686115503311157,-0.024266911670565605,0.4910993278026581,0.19247111678123474,-0.03992125764489174,0.4431059658527374,0.5155609846115112,-0.0005620504962280393,0.4417755901813507,0.38763856887817383,-0.013550532050430775,0.4480162560939789,0.30093395709991455,-0.034791797399520874,0.44881847500801086,0.22991430759429932,-0.04991787672042847,0.3966396152973175,0.5485024452209473,-0.010348706506192684,0.3960433304309845,0.4418668746948242,-0.022006724029779434,0.3997390568256378,0.3726799786090851,-0.03143925592303276,0.40204378962516785,0.3109551668167114,-0.03942076116800308,space
0.46436813473701477,0.8781433701515198,5.003724936614162e-07,0.5289313197135925,0.7951942086219788,-0.03906841203570366,0.5625767707824707,0.6564888954162598,-0.04536297172307968,0.5137419104576111,0.5621940493583679,-0.04839185252785683,0.44749513268470764,0.5348504781723022,-0.04914752393960953,0.5472037196159363,0.524311900138855,0.0031097279861569405,0.5516029596328735,0.3979248106479645,-0.007943452335894108,0.5473424792289734,0.3239225745201111,-0.025012779980897903,0.5395879149436951,0.25898277759552,-0.03976878896355629,0.49263709783554077,0.5150359272956848,0.004973948001861572,0.4933842122554779,0.3738824725151062,-0.0026571282651275396,0.4911545217037201,0.2846270501613617,-0.021298175677657127,0.4848075807094574,0.20912042260169983,-0.036532990634441376,0.44491153955459595,0.5338044762611389,-0.0005304673104546964,0.44080033898353577,0.40534114837646484,-0.012507142499089241,0.445127934217453,0.32077470421791077,-0.032683949917554855,0.4437624514102936,0.24907991290092468,-0.04731518030166626,0.39910492300987244,0.569939374923706,-0.010960755869746208,0.3967149257659912,0.4608164131641388,-0.022539585828781128,0.39904484152793884,0.3920007348060608,-0.031471166759729385,0.4000864624977112,0.32857853174209595,-0.03901901841163635,space
0.470513254404068,0.9200897216796875,4.984394195162167e-07,0.5345837473869324,0.836833119392395,-0.04276178404688835,0.56831294298172,0.6945716142654419,-0.04890044406056404,0.5228201746940613,0.5954397916793823,-0.05108372122049332,0.45509830117225647,0.5651554465293884,-0.05023911967873573,0.5517511367797852,0.5550540685653687,0.007999496534466743,0.5532671213150024,0.42854517698287964,-0.00016499021148774773,0.5455570220947266,0.3550218641757965,-0.016619598492980003,0.5352169871330261,0.29164761304855347,-0.03109060227870941,0.49597465991973877,0.5461505651473999,0.012512953020632267,0.4923994541168213,0.403561532497406,0.008755789138376713,0.4886433780193329,0.313825786113739,-0.008859178051352501,0.48189017176628113,0.23776158690452576,-0.02383871003985405,0.4469895362854004,0.565737247467041,0.008759376592934132,0.4402903914451599,0.4349885582923889,-0.0004755286790896207,0.44295603036880493,0.3503761887550354,-0.021135598421096802,0.4404466450214386,0.27784159779548645,-0.03664572909474373,0.4004664123058319,0.6018403172492981,-0.0004678215482272208,0.39571109414100647,0.4913344085216522,-0.01054656133055687,0.3966870605945587,0.421520471572876,-0.020180905237793922,0.3979955315589905,0.3559190034866333,-0.028633657842874527,space
0.48111069202423096,0.9314413070678711,4.80929941204522e-07,0.5455131530761719,0.8481678366661072,-0.039018791168928146,0.5818910598754883,0.7019410729408264,-0.04433432221412659,0.5318895578384399,0.599777102470398,-0.04648533836007118,0.46149876713752747,0.5821403861045837,-0.04592663422226906,0.5620847940444946,0.5568779110908508,0.00881580077111721,0.566105842590332,0.42894798517227173,-0.0001060703070834279,0.5604507327079773,0.3560793399810791,-0.016840780153870583,0.5515565872192383,0.2931958734989166,-0.03175283595919609,0.5069159865379333,0.5452955961227417,0.01048275362700224,0.5061817765235901,0.4032413363456726,0.0057654352858662605,0.5032302737236023,0.3143569529056549,-0.01177946850657463,0.4960624873638153,0.23831647634506226,-0.026560163125395775,0.45906224846839905,0.5646101236343384,0.004415127914398909,0.4530579149723053,0.43431493639945984,-0.004920287057757378,0.4570983052253723,0.3481571674346924,-0.024258315563201904,0.45533812046051025,0.27509626746177673,-0.03889760002493858,0.41331303119659424,0.6037784814834595,-0.006916364189237356,0.4092934727668762,0.4903564751148224,-0.016473043709993362,0.4111790657043457,0.4191858172416687,-0.02425125613808632,0.4121474027633667,0.3541812002658844,-0.031277887523174286,space
0.48428529500961304,0.9283305406570435,4.6312274548654386e-07,0.5489889979362488,0.8444941639900208,-0.03763492405414581,0.5842920541763306,0.6999385356903076,-0.04199720174074173,0.5384206771850586,0.599364697933197,-0.04360226169228554,0.47013717889785767,0.576310932636261,-0.04254874214529991,0.5677403807640076,0.5547249913215637,0.011834168806672096,0.571366548538208,0.42837709188461304,0.0037829787470400333,0.5649038553237915,0.3564545214176178,-0.012902852147817612,0.55485600233078,0.29422318935394287,-0.02772855944931507,0.5126734972000122,0.5439445972442627,0.01324499398469925,0.5109485387802124,0.40275758504867554,0.009705995209515095,0.5076519250869751,0.31431156396865845,-0.0077763632871210575,0.5003275275230408,0.2385825514793396,-0.022796902805566788,0.4641093313694,0.5638236999511719,0.006862225942313671,0.4587402939796448,0.4338805377483368,-0.0017958976095542312,0.46209806203842163,0.35046178102493286,-0.021082129329442978,0.4597242772579193,0.279010534286499,-0.03580571711063385,0.417879194021225,0.602921187877655,-0.004643240477889776,0.4142783284187317,0.4912276566028595,-0.013868803158402443,0.41623514890670776,0.4213697910308838,-0.02162361890077591,0.41752761602401733,0.35703614354133606,-0.028731370344758034,space
0.4865640699863434,0.9218106269836426,5.101363740322995e-07,0.549484133720398,0.8362869620323181,-0.04039503261446953,0.5847194790840149,0.6963985562324524,-0.04652101546525955,0.5394654870033264,0.5975165963172913,-0.04947787895798683,0.47118833661079407,0.5708584785461426,-0.04957174137234688,0.5675913691520691,0.5504328012466431,0.011376585811376572,0.5707433223724365,0.4240283966064453,0.003595372661948204,0.5642017722129822,0.3516073524951935,-0.013000770471990108,0.5546645522117615,0.2893754541873932,-0.02768753282725811,0.512526273727417,0.5402228236198425,0.01426792237907648,0.5105378031730652,0.3982425332069397,0.011280172504484653,0.5070330500602722,0.3096657991409302,-0.006169462110847235,0.49991080164909363,0.23394742608070374,-0.021221445873379707,0.4639825224876404,0.5600395798683167,0.0089575769379735,0.4585699737071991,0.42911839485168457,0.00045682262862101197,0.46187490224838257,0.34488871693611145,-0.019762970507144928,0.45983365178108215,0.27264803647994995,-0.0352226123213768,0.41775065660476685,0.598101019859314,-0.0017119154799729586,0.41367965936660767,0.4867052435874939,-0.011296459473669529,0.41496697068214417,0.4173485338687897,-0.020184841006994247,0.416128933429718,0.3530883193016052,-0.02810313180088997,space
0.4859478771686554,0.9216830730438232,5.102018008074083e-07,0.5486373901367188,0.8362157344818115,-0.0403941385447979,0.582652747631073,0.6940038204193115,-0.04580724611878395,0.5328426361083984,0.5955739617347717,-0.04793952405452728,0.46239784359931946,0.5744216442108154,-0.04724787175655365,0.5662427544593811,0.5477434992790222,0.013066964223980904,0.5684717893600464,0.4224555194377899,0.006920221261680126,0.5626227259635925,0.35076501965522766,-0.008854256011545658,0.5544397234916687,0.2889116406440735,-0.023480961099267006,0.5108188986778259,0.5378983020782471,0.015886638313531876,0.508056640625,0.3976418077945709,0.014108972623944283,0.5046944618225098,0.30994680523872375,-0.003104472765699029,0.4979541301727295,0.23436209559440613,-0.01828954927623272,0.4623957574367523,0.5585347414016724,0.010451444424688816,0.45596960186958313,0.4293135404586792,0.0025246196892112494,0.459587037563324,0.3451676070690155,-0.017946263775229454,0.45771217346191406,0.27273163199424744,-0.03378429263830185,0.4160805940628052,0.597923755645752,-0.00035227733314968646,0.41144394874572754,0.4872937798500061,-0.009499872103333473,0.41309070587158203,0.41835761070251465,-0.018322039395570755,0.41457563638687134,0.35438764095306396,-0.026497341692447662,space
0.4830934703350067,0.9209927320480347,4.913495672553836e-07,0.5467442274093628,0.83409184217453,-0.038544923067092896,0.5820493698120117,0.6902675628662109,-0.04379371553659439,0.5328689813613892,0.5911084413528442,-0.04604073986411095,0.46286311745643616,0.5728904604911804,-0.04566264897584915,0.5630959868431091,0.5487467646598816,0.010749153792858124,0.5653019547462463,0.4224608540534973,0.0028222270775586367,0.5591570734977722,0.35053908824920654,-0.013651513494551182,0.5504290461540222,0.2880267798900604,-0.028571702539920807,0.50727379322052,0.5388140082359314,0.012160544283688068,0.5048128366470337,0.397586464881897,0.00815577618777752,0.5014932155609131,0.30857083201408386,-0.009668895974755287,0.4945114254951477,0.23182693123817444,-0.02485223114490509,0.45883211493492126,0.5595439672470093,0.0057711475528776646,0.4520696997642517,0.4306800365447998,-0.0034867036156356335,0.4560762643814087,0.34469109773635864,-0.023670881986618042,0.4545869529247284,0.2702677249908447,-0.03902192786335945,0.41280874609947205,0.5995778441429138,-0.00578433508053422,0.4084787964820862,0.48913729190826416,-0.015377306379377842,0.41023537516593933,0.419768750667572,-0.02349884621798992,0.4113123416900635,0.3558174967765808,-0.030941016972064972,space
0.48444899916648865,0.9164446592330933,5.062441346126434e-07,0.5467495918273926,0.8305563926696777,-0.04032715782523155,0.5794081687927246,0.6897786855697632,-0.045443806797266006,0.5314168334007263,0.5927568674087524,-0.047184187918901443,0.4634605646133423,0.5657305717468262,-0.04619172215461731,0.5637332201004028,0.5452053546905518,0.01249279361218214,0.5661005973815918,0.419406533241272,0.006403337232768536,0.5597958564758301,0.3475097417831421,-0.009578532539308071,0.5509200692176819,0.2851714789867401,-0.02433846704661846,0.5081301331520081,0.5364444851875305,0.015721315518021584,0.5055479407310486,0.39506012201309204,0.014023089781403542,0.5019079446792603,0.307066410779953,-0.003912807907909155,0.49505165219306946,0.23167800903320312,-0.019797947257757187,0.4592827558517456,0.5577163100242615,0.010783049277961254,0.453387588262558,0.42738938331604004,0.002891589654609561,0.45684564113616943,0.34256860613822937,-0.018894242122769356,0.45488178730010986,0.2693691551685333,-0.03585978224873543,0.41308528184890747,0.5969077348709106,0.0006012871745042503,0.4088321030139923,0.48624441027641296,-0.008732076734304428,0.40990814566612244,0.41706475615501404,-0.01855812408030033,0.4112107753753662,0.3522747755050659,-0.027654390782117844,space
0.48196932673454285,0.9156284332275391,5.147006731931469e-07,0.546469509601593,0.8314019441604614,-0.04115447774529457,0.5819517970085144,0.686767041683197,-0.04600714147090912,0.5330855846405029,0.586738109588623,-0.047323551028966904,0.46194395422935486,0.566548228263855,-0.045577894896268845,0.5653362274169922,0.5445436835289001,0.013391293585300446,0.5681045651435852,0.41786837577819824,0.007880967110395432,0.5613975524902344,0.3452186584472656,-0.007477098610252142,0.5518519878387451,0.28325626254081726,-0.02166512794792652,0.5092421770095825,0.5342707633972168,0.017060434445738792,0.5068933963775635,0.39245474338531494,0.01637488231062889,0.5038304924964905,0.30403342843055725,-0.0002813630853779614,0.49699950218200684,0.22886833548545837,-0.015066882595419884,0.46037930250167847,0.5536643266677856,0.01241249404847622,0.45442432165145874,0.4231329560279846,0.005715278908610344,0.4585585594177246,0.3381638824939728,-0.014411657117307186,0.4567210376262665,0.26587802171707153,-0.03009885922074318,0.4139479398727417,0.5903318524360657,0.002269419841468334,0.40990597009658813,0.4785631000995636,-0.005604415200650692,0.41178858280181885,0.4093504548072815,-0.01391400396823883,0.4133458733558655,0.34613004326820374,-0.0218142531812191,space
0.4824189245700836,0.9159793853759766,5.037410915065266e-07,0.5466876029968262,0.8293402194976807,-0.038059335201978683,0.5810075402259827,0.688579261302948,-0.04241858422756195,0.531245768070221,0.5914705991744995,-0.043976347893476486,0.4621051549911499,0.5688647627830505,-0.04289918392896652,0.5640766620635986,0.5458899140357971,0.014897903427481651,0.5677226185798645,0.4183353781700134,0.008440423756837845,0.5615721940994263,0.346154123544693,-0.007762373425066471,0.5520269870758057,0.2837623655796051,-0.022443125024437904,0.5081942081451416,0.5362778902053833,0.01696793921291828,0.5070553421974182,0.39450499415397644,0.014798181131482124,0.5038023591041565,0.30618128180503845,-0.0034957281313836575,0.4961523115634918,0.23104023933410645,-0.019384384155273438,0.45949989557266235,0.5559377670288086,0.011075802147388458,0.4544598460197449,0.4258396625518799,0.003449810901656747,0.4583434760570526,0.34093233942985535,-0.017677657306194305,0.45630699396133423,0.26847293972969055,-0.03396458923816681,0.41329020261764526,0.5935691595077515,8.226033241953701e-05,0.40953585505485535,0.4819110929965973,-0.008234289474785328,0.4112171530723572,0.4131019115447998,-0.016724810004234314,0.412561297416687,0.35035884380340576,-0.02462468296289444,space
0.4825865924358368,0.9128276109695435,5.211018105910625e-07,0.5467642545700073,0.827251136302948,-0.04096784442663193,0.5811383128166199,0.684287965297699,-0.04641815274953842,0.5296633839607239,0.5869863629341125,-0.04835241287946701,0.45938369631767273,0.5663754940032959,-0.047518111765384674,0.5644903182983398,0.5438498854637146,0.010946860536932945,0.5666296482086182,0.4168005883693695,0.004127618856728077,0.5608479380607605,0.34420478343963623,-0.011846575886011124,0.5528262853622437,0.281134694814682,-0.02653740532696247,0.508044421672821,0.5344553589820862,0.014074030332267284,0.5056595802307129,0.3934001922607422,0.011173679493367672,0.502596378326416,0.3047406077384949,-0.006886084098368883,0.49630290269851685,0.22874906659126282,-0.02253185585141182,0.4591923952102661,0.5545627474784851,0.009098222479224205,0.45294713973999023,0.42479604482650757,0.00042636101716198027,0.45696985721588135,0.33902934193611145,-0.020664256066083908,0.4556739926338196,0.26511114835739136,-0.03675372153520584,0.4130440652370453,0.5923336148262024,-0.001220684265717864,0.40908151865005493,0.4807274639606476,-0.010516253300011158,0.4109906852245331,0.4117513597011566,-0.01935926079750061,0.4125750660896301,0.348197340965271,-0.027467045933008194,space
0.48285722732543945,0.9124696254730225,5.081921585770033e-07,0.5461164712905884,0.8274041414260864,-0.03928082808852196,0.5795865058898926,0.6854810118675232,-0.04409065842628479,0.5318611264228821,0.5887095332145691,-0.04570142552256584,0.46408629417419434,0.5637670159339905,-0.04462600499391556,0.5643692016601562,0.5439214706420898,0.011588282883167267,0.5669094920158386,0.41618672013282776,0.004986756015568972,0.5603877902030945,0.3425483703613281,-0.010758355259895325,0.5510402321815491,0.2794554531574249,-0.025172127410769463,0.5085077285766602,0.5348275899887085,0.01417650654911995,0.5061508417129517,0.39238429069519043,0.011712097562849522,0.5025807619094849,0.30356505513191223,-0.006089477799832821,0.49539095163345337,0.22838592529296875,-0.02159382961690426,0.45957595109939575,0.5553476810455322,0.008845748379826546,0.45371994376182556,0.42468899488449097,0.0007809578673914075,0.45714178681373596,0.34005939960479736,-0.0201917365193367,0.45506253838539124,0.2675163745880127,-0.036376211792230606,0.4133835434913635,0.5934799909591675,-0.0016455238219350576,0.40970104932785034,0.48161059617996216,-0.010871240869164467,0.41134968400001526,0.4121707081794739,-0.020096929743885994,0.4129813611507416,0.3476504981517792,-0.028532497584819794,space
0.48160994052886963,0.9167566299438477,5.050380309512548e-07,0.5447694659233093,0.8327707052230835,-0.04027250036597252,0.5796315670013428,0.6918238401412964,-0.04640195518732071,0.5311692357063293,0.5946288108825684,-0.04925050958991051,0.46161821484565735,0.5687738656997681,-0.04952847212553024,0.5641921758651733,0.5483850240707397,0.008235424757003784,0.5657467246055603,0.42108333110809326,-0.0007082048105075955,0.5597114562988281,0.34769490361213684,-0.017821742221713066,0.5515084862709045,0.2841847240924835,-0.032989099621772766,0.5081024765968323,0.5380140542984009,0.010440513491630554,0.5052129030227661,0.39525312185287476,0.005750373937189579,0.5012789368629456,0.3054317533969879,-0.01266613882035017,0.4942823052406311,0.22947397828102112,-0.028351932764053345,0.45910120010375977,0.5578455328941345,0.004752097651362419,0.453350692987442,0.4265824258327484,-0.005083638709038496,0.4564592242240906,0.34116730093955994,-0.02559559978544712,0.4547085762023926,0.26798102259635925,-0.0411609411239624,0.4125593900680542,0.5963935852050781,-0.006192472297698259,0.40836799144744873,0.4846542179584503,-0.01660245470702648,0.4101354479789734,0.41560715436935425,-0.025355778634548187,0.4118043780326843,0.3519878387451172,-0.033142995089292526,space
0.48573461174964905,0.9122711420059204,4.779226969731099e-07,0.5493673086166382,0.8238404393196106,-0.03650325909256935,0.5823657512664795,0.6814888119697571,-0.04118318855762482,0.5319839715957642,0.5854910612106323,-0.04350893944501877,0.4625333547592163,0.5666140913963318,-0.04359174519777298,0.5667843222618103,0.5450037717819214,0.01113362330943346,0.5695096254348755,0.4185255169868469,0.0018605674849823117,0.5636522769927979,0.34603869915008545,-0.015556074678897858,0.554826557636261,0.28299206495285034,-0.030976468697190285,0.51137375831604,0.5356080532073975,0.01140706054866314,0.5095738172531128,0.3941088318824768,0.006028310861438513,0.5059069991111755,0.3050023913383484,-0.012766421772539616,0.49878910183906555,0.2286997139453888,-0.028730183839797974,0.4627288579940796,0.5557698607444763,0.004007022827863693,0.45685461163520813,0.4255295991897583,-0.006174291484057903,0.4603087902069092,0.3394235372543335,-0.026800943538546562,0.45865893363952637,0.26560690999031067,-0.042447928339242935,0.41615748405456543,0.5941116809844971,-0.008375105448067188,0.4122089147567749,0.4819508492946625,-0.018670041114091873,0.41397663950920105,0.41097283363342285,-0.027378268539905548,0.4152301549911499,0.34535956382751465,-0.03533773124217987,space
0.4864218533039093,0.9148781299591064,5.209032565289817e-07,0.5499218702316284,0.8300818800926208,-0.04019743576645851,0.582868754863739,0.6891599893569946,-0.04537564888596535,0.5327115654945374,0.5923585891723633,-0.047226693481206894,0.46503883600234985,0.5667307376861572,-0.04631868004798889,0.5683150887489319,0.5483300089836121,0.011362731456756592,0.5704175233840942,0.42027825117111206,0.003898044815286994,0.5648406147956848,0.34686264395713806,-0.012646084651350975,0.5572097301483154,0.2838641405105591,-0.02748556062579155,0.5122687816619873,0.5380963087081909,0.01417381502687931,0.5098487138748169,0.39508283138275146,0.010916529223322868,0.5067617297172546,0.30523908138275146,-0.007609197869896889,0.5007651448249817,0.22927182912826538,-0.023527467623353004,0.463256299495697,0.5573894381523132,0.008899814449250698,0.45730429887771606,0.4263570308685303,0.00012005100143142045,0.4613248407840729,0.3403620421886444,-0.02144690603017807,0.46050137281417847,0.26703229546546936,-0.03785863518714905,0.41671210527420044,0.5947232246398926,-0.0016135723562911153,0.41256532073020935,0.48317909240722656,-0.011117189191281796,0.4143197238445282,0.4138437807559967,-0.020362719893455505,0.4161665737628937,0.34993988275527954,-0.02872324548661709,space
0.4830896556377411,0.9168335199356079,5.080815412839002e-07,0.5469984412193298,0.8291930556297302,-0.038387659937143326,0.5800105929374695,0.6894310712814331,-0.043340981006622314,0.5276526212692261,0.5956661105155945,-0.04545214772224426,0.4588291645050049,0.5741449594497681,-0.04509463161230087,0.5640966296195984,0.5534050464630127,0.011837304569780827,0.5673037171363831,0.425375759601593,0.0035379494074732065,0.5618990063667297,0.3524363338947296,-0.013297944329679012,0.5538880825042725,0.28959739208221436,-0.028223026543855667,0.5087098479270935,0.5438289046287537,0.013415979221463203,0.5069098472595215,0.3999828100204468,0.008848014287650585,0.5032400488853455,0.30951836705207825,-0.01067337580025196,0.4963245987892151,0.23315173387527466,-0.027185523882508278,0.46033236384391785,0.5630596280097961,0.007143463008105755,0.4540698230266571,0.43185147643089294,-0.00243781809695065,0.4578527808189392,0.34502720832824707,-0.02452278882265091,0.4566275477409363,0.2717450261116028,-0.04118068516254425,0.41404247283935547,0.6002217531204224,-0.004146813414990902,0.4097314774990082,0.489010751247406,-0.013521451503038406,0.4113428592681885,0.4193940758705139,-0.02262619137763977,0.4125353693962097,0.3557865023612976,-0.031015388667583466,space
0.48439455032348633,0.9207327365875244,4.862406512984307e-07,0.5493088960647583,0.8362497687339783,-0.03632397949695587,0.5821083188056946,0.6889771819114685,-0.040417931973934174,0.5339628458023071,0.5914450883865356,-0.04189576953649521,0.4665166437625885,0.5711941123008728,-0.04110615700483322,0.5639640688896179,0.5514916777610779,0.00853594671934843,0.5670602917671204,0.42414048314094543,-0.000577156082727015,0.5626105070114136,0.350365549325943,-0.01681489497423172,0.5556895136833191,0.28661051392555237,-0.03143508359789848,0.5086882710456848,0.5422156453132629,0.008819404058158398,0.5076569318771362,0.3991237282752991,0.0028180652298033237,0.5057621002197266,0.30861297249794006,-0.015192300081253052,0.5004290342330933,0.23154383897781372,-0.030237535014748573,0.4602872133255005,0.5627533793449402,0.001664447016082704,0.4547992944717407,0.4316083788871765,-0.009196064434945583,0.45943909883499146,0.34464481472969055,-0.02986752800643444,0.4590070843696594,0.26991692185401917,-0.04534643143415451,0.4137362837791443,0.6021533608436584,-0.010318612679839134,0.4092804491519928,0.4906576871871948,-0.02120940014719963,0.4110133945941925,0.4201838970184326,-0.030469074845314026,0.41227734088897705,0.35443758964538574,-0.03876727074384689,space
0.4800153076648712,0.9293351173400879,5.073595161775302e-07,0.5435914397239685,0.8436356782913208,-0.040055181831121445,0.5780760049819946,0.6976980566978455,-0.04602579027414322,0.5268203616142273,0.6000217199325562,-0.04877324774861336,0.45601022243499756,0.5793904066085815,-0.04898962378501892,0.5619449019432068,0.5559496879577637,0.007788855116814375,0.5643441081047058,0.4273611009120941,-0.0016456128796562552,0.5588622689247131,0.35350295901298523,-0.01873910427093506,0.5512143969535828,0.289215624332428,-0.03405645489692688,0.5054479837417603,0.5466427206993103,0.009446823969483376,0.5037707090377808,0.40273475646972656,0.0035819835029542446,0.5011641979217529,0.31191232800483704,-0.015298078767955303,0.4955355226993561,0.23414859175682068,-0.031229836866259575,0.4562000036239624,0.5676863193511963,0.0031605008989572525,0.4504815340042114,0.43524911999702454,-0.007981657050549984,0.454758882522583,0.34705987572669983,-0.02972566895186901,0.4539794623851776,0.27130845189094543,-0.04602491110563278,0.4093821942806244,0.6073500514030457,-0.008303109556436539,0.4049157202243805,0.4944021701812744,-0.019733717665076256,0.4057238698005676,0.4232555627822876,-0.029598476365208626,0.4059607982635498,0.3567631244659424,-0.03833124041557312,space
0.47875210642814636,0.9310632944107056,5.187438887332974e-07,0.5432857871055603,0.8481667637825012,-0.03862196207046509,0.576195240020752,0.7022395730018616,-0.04327525570988655,0.527935802936554,0.6042193174362183,-0.04498770833015442,0.4600541293621063,0.5762845277786255,-0.04443762078881264,0.5608101487159729,0.5559049844741821,0.008896775543689728,0.5635252594947815,0.42686766386032104,0.00031303762807510793,0.558905303478241,0.3518252372741699,-0.016340630128979683,0.5514346361160278,0.2861446142196655,-0.03155042231082916,0.5043807029724121,0.5470188856124878,0.009880000725388527,0.5034828782081604,0.40141767263412476,0.004189161118119955,0.5013731122016907,0.3099345862865448,-0.01525803655385971,0.49572038650512695,0.23188817501068115,-0.03158629313111305,0.45448926091194153,0.5686953067779541,0.003111697733402252,0.449230432510376,0.434520959854126,-0.008516289293766022,0.4538433849811554,0.3454788029193878,-0.03139812871813774,0.45343121886253357,0.2688855528831482,-0.048466265201568604,0.40681689977645874,0.6090325713157654,-0.008564041927456856,0.40181031823158264,0.4967593252658844,-0.020759334787726402,0.40261298418045044,0.4260207712650299,-0.031339291483163834,0.403389036655426,0.36023861169815063,-0.040546245872974396,space
0.4638828933238983,0.9493554830551147,4.639684902940644e-07,0.529238760471344,0.8662285208702087,-0.03655199334025383,0.5658396482467651,0.7212686538696289,-0.04364228993654251,0.5220151543617249,0.6170691251754761,-0.04840254411101341,0.4542129635810852,0.5835983753204346,-0.051606811583042145,0.5476784706115723,0.5753082036972046,0.0004839398025069386,0.5507081747055054,0.44104239344596863,-0.014666534028947353,0.5445935726165771,0.3627499043941498,-0.03399188816547394,0.5364573001861572,0.2964494526386261,-0.05004243180155754,0.4905681610107422,0.5649020075798035,-0.0008552026120014489,0.49003756046295166,0.4147607684135437,-0.012861562892794609,0.48695218563079834,0.32077524065971375,-0.03363049775362015,0.4809803068637848,0.24078738689422607,-0.04999462887644768,0.4400021731853485,0.5856251120567322,-0.009190795943140984,0.43413418531417847,0.44446873664855957,-0.025128761306405067,0.4354640245437622,0.3524048328399658,-0.046789757907390594,0.4332101345062256,0.273745596408844,-0.062419354915618896,0.390455961227417,0.6275818347930908,-0.021968329325318336,0.38305601477622986,0.5113279819488525,-0.037672966718673706,0.3820784091949463,0.43620121479034424,-0.04831422120332718,0.381455659866333,0.36660438776016235,-0.05672965943813324,space
0.37467196583747864,1.0254881381988525,9.188491389977571e-07,0.44249916076660156,0.9275925755500793,-0.10123208910226822,0.4662129282951355,0.8056095838546753,-0.14346158504486084,0.4350980520248413,0.7075896263122559,-0.17953795194625854,0.3671692907810211,0.648796021938324,-0.21482646465301514,0.42473867535591125,0.6451337933540344,-0.02634301967918873,0.4273032546043396,0.516497790813446,-0.06633374094963074,0.4203016757965088,0.4467601776123047,-0.11378853023052216,0.41637784242630005,0.40182214975357056,-0.15134163200855255,0.36067482829093933,0.6629237532615662,-0.009517772123217583,0.34262511134147644,0.5400370359420776,-0.06221909821033478,0.33712053298950195,0.4761524796485901,-0.13524441421031952,0.33936169743537903,0.43636593222618103,-0.18857361376285553,0.2995392382144928,0.7007217407226562,-0.008357062004506588,0.26968914270401,0.5865724682807922,-0.07204314321279526,0.2541132867336273,0.5305778980255127,-0.15880894660949707,0.246425598859787,0.5236392617225647,-0.21602633595466614,0.24908369779586792,0.752508282661438,-0.015236018225550652,0.2100398987531662,0.6846773028373718,-0.08087862282991409,0.18386290967464447,0.6489693522453308,-0.15011179447174072,0.1668696254491806,0.6396508812904358,-0.20110899209976196,space
